<?xml version="1.0"?>
<doc>
    <assembly>
        <name>NetCoreWebApi</name>
    </assembly>
    <members>
        <member name="M:NetCoreWebApi.Startup.ConfigureServices(Microsoft.Extensions.DependencyInjection.IServiceCollection)">
            <summary>
            This method gets called by the runtime. Use this method to add services to the container.
            </summary>
            <param name="services"></param>
        </member>
        <member name="M:NetCoreWebApi.Startup.Configure(Microsoft.AspNetCore.Builder.IApplicationBuilder,Microsoft.AspNetCore.Hosting.IHostingEnvironment,Microsoft.Extensions.Logging.ILoggerFactory)">
            <summary>
            This method gets called by the runtime. Use this method to configure the HTTP request pipeline.
            </summary>
            <param name="app"></param>
            <param name="env"></param>
        </member>
    </members>
</doc>
